technique_id,technique_name,tactic,status,related_rule,evidence_source
T1218.005,Mshta,Defense Evasion,Covered,01-mshta.yml,EVTX sample
T1218.011,Rundll32,Defense Evasion,Covered,02-rundll32.yml,EVTX sample
T1059.003,Windows Command Shell,Execution,Covered,03-cmd.yml,EVTX sample
T1059.001,PowerShell,Execution,Planned,04-powershell.yml,Requires telemetry
T1218.010,Regsvr32,Defense Evasion,Planned,05-regsvr32.yml,Requires telemetry
T1059.005,Visual Basic,Execution,Planned,06-wscript.yml,Requires telemetry
T1218.007,Msiexec,Defense Evasion,Planned,07-msiexec.yml,Requires telemetry
T1218,System Binary Proxy Execution,Defense Evasion,Planned,08-certutil.yml,Requires telemetry
T1134,Access Token Manipulation,Privilege Escalation,Planned,09-runas.yml,Requires telemetry
T1053,Scheduled Task/Job,Persistence,Planned,10-at.yml,Requires telemetry
T1053.005,Scheduled Task,Persistence,Planned,11-schtasks.yml,Requires telemetry
T1087,Account Discovery,Discovery,Planned,12-net.yml,Requires telemetry
T1016,System Network Configuration Discovery,Discovery,Planned,13-ipconfig.yml,Requires telemetry
T1489,Service Stop,Impact,Planned,14-taskkill.yml,Requires telemetry
T1047,Windows Management Instrumentation,Execution,Planned,15-wmic.yml,Requires telemetry
T1078,Valid Accounts,Defense,Evasion,Planned,Future rule,Requires telemetry
T1021.002,SMB Windows Admin Shares,Lateral Movement,Planned,Future rule,Requires telemetry
T1003,OS Credential Dumping,Credential Access,Planned,Future rule,Requires telemetry
T1105,Ingress Tool Transfer,Command and Control,Planned,Future rule,Requires telemetry
T1083,File and Directory Discovery,Discovery,Planned,Future rule,Requires telemetry
